{
  "manifest": {
    "apis": {
      "custom": {
        "endpoint": {
          "uri": "arn:aws:lambda:eu-west-1:945228512141:function:ca5228c8-13d8-4904-94f6-dec4ca9df3cb:Release_0"
        },
        "interfaces": [],
        "regions": {
          "NA": {
            "endpoint": {
              "uri": "arn:aws:lambda:us-east-1:945228512141:function:ca5228c8-13d8-4904-94f6-dec4ca9df3cb:Release_0"
            }
          },
          "EU": {
            "endpoint": {
              "uri": "arn:aws:lambda:eu-west-1:945228512141:function:ca5228c8-13d8-4904-94f6-dec4ca9df3cb:Release_0"
            }
          },
          "FE": {
            "endpoint": {
              "uri": "arn:aws:lambda:us-west-2:945228512141:function:ca5228c8-13d8-4904-94f6-dec4ca9df3cb:Release_0"
            }
          }
        }
      }
    },
    "manifestVersion": "1.0",
    "publishingInformation": {
      "distributionCountries": [],
      "isAvailableWorldwide": true,
      "locales": {
        "en-IN": {
          "name": "Tom and Jerry"
        }
      },
      "testingInstructions": "Sample Testing Instructions."
    }
  }
}