{
  "interactionModel": {
    "languageModel": {
      "invocationName": "tom nd jerry",
      "intents": [
        {
          "name": "AMAZON.CancelIntent",
          "samples": []
        },
        {
          "name": "AMAZON.HelpIntent",
          "samples": []
        },
        {
          "name": "AMAZON.StopIntent",
          "samples": []
        },
        {
          "name": "AMAZON.NavigateHomeIntent",
          "samples": []
        },
        {
          "name": "tomandjerryIntent",
          "slots": [],
          "samples": [
            "tell me about tom and jerry",
            "tell me something interest",
            "tell me something ",
            "tell me a fact"
          ]
        },
        {
          "name": "AMAZON.FallbackIntent",
          "samples": []
        }
      ],
      "types": []
    }
  },
  "version": "5"
}